18,6,12,5,3,2,19,17,5,17
7,13,14,5,7,12,7,11,6,4
5,19,14,4,5,3,14,9,15,19
16,3,15,9,16,11,10,1,4,7
10,9,15,13,5,19,19,15,10,5
2,19,15,8,19,15,5,19,18,4
10,12,17,17,4,16,13,13,17,9
15,18,6,6,2,15,16,19,18,12
18,9,1,8,1,8,10,17,14,15
9,4,17,2,12,3,14,16,9,5
5,15,16,10,1,4,9,12,15,12
10,11,6,3,4,1,4,17,7,10
14,12,6,11,12,19,15,9,11,2
19,16,16,1,16,14,11,11,9,7
5,13,17,2,14,14,10,15,13,1
1,6,12,15,2,13,14,12,13,9
6,14,7,14,13,7,1,12,2,3
10,3,8,2,1,4,17,17,13,8
8,15,3,14,12,17,14,6,2,19
17,1,2,2,19,2,6,14,16,10
12,3,12,16,18,13,9,9,12,13
13,5,15,15,10,16,1,18,4,13
7,17,4,4,14,14,7,19,15,1
3,17,4,13,14,9,10,11,10,14
7,12,7,1,13,1,13,3,3,8
6,3,14,15,8,11,7,6,5,2
7,10,9,19,17,17,3,16,8,3
14,19,10,9,18,3,4,9,17,17
3,5,12,12,16,19,17,5,10,6
16,16,3,7,15,19,17,15,4,18
7,9,12,13,12,4,4,8,19,1
2,1,3,3,11,9,15,18,19,14
18,4,10,1,6,9,9,15,13,16
12,17,5,12,18,18,19,17,12,1
14,8,4,2,19,10,14,11,1,9
2,16,18,1,12,14,4,4,8,1
4,4,7,3,12,4,2,19,13,10
14,18,17,16,13,4,12,15,18,6
3,16,2,15,10,18,15,15,3,10
16,16,11,19,17,1,8,7,14,5
19,15,18,12,3,5,5,16,17,1
5,9,6,11,16,18,2,4,17,8
9,11,6,4,14,17,17,11,13,7
6,1,19,18,16,5,2,1,14,2
6,1,19,8,18,8,15,17,17,9
1,5,12,9,5,3,10,11,13,1
9,12,14,15,14,2,6,19,9,12
17,6,17,4,16,18,9,14,3,3
7,8,15,8,4,6,3,1,7,19
11,14,4,5,2,5,8,10,14,11
16,13,14,8,1,8,4,10,6,3
1,6,2,10,3,18,11,11,16,8
2,5,11,11,9,13,5,9,13,4
18,9,8,7,9,8,16,5,3,6
1,16,12,14,2,3,3,19,16,19
11,14,11,15,10,14,8,9,7,19
8,19,11,10,5,8,6,11,4,15
14,4,8,2,2,4,2,18,11,15
16,12,5,3,8,2,4,12,7,17
6,13,12,2,3,18,5,5,9,3
12,15,1,1,11,10,2,19,17,15
4,10,10,8,8,2,18,2,12,14
13,15,13,5,3,3,4,8,14,1
13,6,8,3,9,11,3,18,8,16
3,2,2,15,18,13,14,5,18,12
3,1,16,19,13,17,19,6,11,14
12,19,11,14,10,16,3,5,8,16
8,5,18,5,18,1,17,10,17,10
18,6,8,6,3,3,10,9,2,10
14,14,14,11,15,4,4,14,1,13
14,2,15,11,4,19,16,14,15,13
9,13,4,4,8,11,12,5,2,5
13,18,1,13,7,10,13,13,14,2
5,11,1,7,9,19,18,9,3,5
17,18,19,9,13,19,18,12,6,16
14,17,9,8,7,1,3,9,17,8
9,8,6,1,12,4,12,9,4,8
18,15,8,14,4,15,9,16,6,18
5,15,3,12,7,3,10,5,1,16
3,14,11,4,11,13,13,17,3,3
15,2,6,17,12,16,17,3,2,6
7,1,13,1,10,9,4,15,10,15
5,5,17,16,15,4,17,14,4,4
18,15,14,7,6,16,6,9,16,2
9,14,9,5,16,18,8,19,11,17
5,19,18,11,8,2,15,14,5,17
7,3,8,4,4,5,8,1,4,13
9,6,12,7,13,9,6,12,10,7
19,19,16,2,19,11,3,12,19,3
18,12,8,5,1,14,18,4,2,7
10,3,8,3,5,13,4,7,12,18
15,11,16,11,11,11,12,1,11,17
7,3,4,4,1,15,10,9,6,3
17,9,10,8,10,15,2,18,12,10
19,1,8,3,10,13,19,9,15,11
15,13,12,19,1,9,2,6,15,19
6,11,3,17,1,5,4,8,14,6
17,12,11,11,1,19,18,10,13,17
2,16,15,7,9,6,7,16,18,8
5,19,2,19,2,1,7,3,10,12
16,19,6,8,9,8,2,3,5,5
2,14,11,14,15,19,9,5,18,5
6,10,14,5,4,12,13,12,15,15
8,16,8,1,8,15,6,6,6,2
18,18,16,6,19,3,6,7,19,8
9,16,6,2,7,11,1,3,19,2
2,5,2,12,18,2,6,19,8,10
17,8,5,13,3,17,1,12,9,16
16,12,16,3,4,1,10,13,1,8
12,14,13,14,5,9,4,6,1,6
3,14,9,14,4,12,2,18,15,6
19,9,15,7,4,7,3,11,4,3
12,2,6,5,2,12,18,17,3,19
1,1,9,8,11,9,19,3,12,12
13,16,12,19,17,1,10,13,13,17
19,14,16,1,18,7,14,14,18,9
7,16,3,12,1,16,18,3,18,14
8,17,13,2,6,1,1,15,8,7
5,5,14,14,12,17,3,1,8,15
12,11,6,12,7,15,8,12,18,10
3,8,14,2,19,1,14,19,19,13
8,11,9,5,18,18,7,6,17,14
4,6,11,14,19,3,10,1,6,18
12,8,5,12,9,16,8,10,18,18
8,14,17,8,17,13,10,17,12,5
3,16,9,14,14,13,7,1,1,12
16,9,6,7,13,19,2,10,10,11
11,6,15,10,13,1,11,18,13,19
18,16,19,4,3,18,1,17,8,9
8,8,10,3,18,4,3,17,9,16
10,15,6,6,2,18,13,16,13,11
7,11,6,12,18,12,3,1,11,13
13,5,13,15,19,14,18,9,6,8
4,10,8,19,8,10,3,7,7,15
19,16,9,5,7,13,17,2,15,4
19,2,4,5,19,13,1,19,5,10
10,7,3,18,6,14,9,2,2,8
11,16,9,18,9,3,1,11,8,13
5,17,15,8,14,10,10,15,18,16
4,9,14,8,15,1,13,18,11,4
7,17,6,6,5,8,7,4,16,3
8,17,17,2,12,11,6,13,2,15
12,12,3,11,7,8,3,15,18,2
16,15,19,6,15,9,8,7,9,11
11,8,11,16,14,4,10,19,4,16
12,3,3,17,19,1,16,17,5,5
18,14,5,4,16,5,5,4,18,8
6,9,3,4,4,13,15,16,8,15
4,2,6,6,9,12,8,13,15,7
9,8,12,13,10,16,4,18,8,1
17,11,8,2,15,12,3,18,4,18
3,9,8,1,19,2,19,3,5,14
6,1,19,7,9,13,13,6,10,1
13,18,4,19,15,14,5,8,16,8
12,17,8,13,15,14,8,5,2,10
15,11,17,16,3,4,16,1,13,14
15,6,4,7,14,3,8,5,1,9
11,7,17,6,10,3,18,19,9,7
7,9,4,9,13,2,11,18,19,10
17,17,6,6,9,17,17,5,15,6
4,15,13,19,13,11,17,13,4,8
17,14,12,8,4,16,18,3,13,1
6,1,19,2,1,6,15,18,13,13
11,2,10,17,5,5,1,5,15,10
14,8,8,15,14,6,8,6,11,2
7,7,19,6,19,11,19,18,12,10
10,6,5,16,3,8,5,1,5,1
9,18,10,2,3,7,3,12,12,16
7,4,2,19,8,7,7,9,15,9
13,7,10,18,15,10,16,11,13,14
3,12,17,4,8,11,19,10,19,15
10,7,3,13,13,16,15,16,18,4
14,19,8,13,3,12,9,3,14,1
11,9,6,10,3,1,1,9,7,18
14,14,19,17,12,9,18,18,14,12
1,10,16,7,12,17,8,15,13,12
3,5,14,13,9,2,15,16,19,15
5,1,18,19,7,16,16,9,5,19
19,7,4,4,2,16,9,9,16,13
16,16,10,15,6,12,19,5,2,16
1,13,2,6,11,7,9,4,14,5
1,11,2,4,16,3,13,12,3,7
19,3,14,4,13,11,11,12,12,5
17,1,9,15,7,5,9,15,7,9
15,18,12,2,14,8,5,17,5,9
18,13,11,2,15,6,10,13,17,16
15,4,14,16,13,19,6,2,2,15
16,2,14,18,17,13,19,1,2,18
15,6,13,3,9,11,10,13,1,1
12,3,14,5,10,8,11,11,15,6
4,4,9,5,18,3,3,17,19,4
3,10,10,9,13,4,8,16,17,14
16,10,3,13,7,19,14,13,10,13
13,3,1,16,15,4,16,11,3,1
5,5,15,18,14,7,8,12,4,10
14,3,19,7,12,3,5,9,11,15
11,12,11,17,13,10,17,1,9,2
8,6,1,2,9,14,11,18,2,1
5,10,19,17,4,15,19,17,9,12
14,13,16,5,17,8,4,6,18,2
17,7,2,5,4,17,6,7,13,13
12,9,11,4,7,15,12,9,12,11
18,8,9,8,11,3,17,5,12,5
9,3,13,7,1,5,1,3,4,14
18,6,4,3,16,8,7,19,16,19
7,1,4,13,8,16,12,18,19,9
12,14,3,12,14,8,19,18,1,16
5,11,19,7,14,3,7,17,8,8
8,8,7,6,5,4,16,2,19,15
13,2,1,6,7,8,18,18,11,12
10,17,6,18,3,17,15,2,4,12
13,7,19,6,6,6,3,17,10,6
1,17,7,16,15,6,13,17,12,5
2,15,11,7,12,14,1,12,7,13
13,3,1,4,16,17,11,7,19,17
9,2,12,14,7,2,5,16,6,2
9,10,16,18,18,17,3,11,7,18
1,9,19,3,3,16,16,18,6,10
3,12,5,4,12,14,5,10,16,4
12,4,16,9,13,9,13,2,12,2
3,12,13,17,11,11,13,8,17,13
12,5,13,17,18,1,7,13,5,16
2,12,18,13,9,3,14,3,17,15
9,16,10,5,13,17,7,16,4,5
3,3,7,18,8,11,14,4,1,3
10,11,9,18,6,2,14,16,17,17
3,17,10,3,4,8,19,16,2,14
1,1,15,9,1,8,15,14,11,6
7,8,15,7,18,15,18,8,7,12
19,2,7,5,10,4,14,19,10,7
16,11,18,18,19,16,18,14,19,10
9,15,12,8,15,8,10,16,1,3
4,8,6,14,1,14,2,10,19,16
5,7,5,2,9,16,11,9,6,9
6,13,12,16,9,5,6,9,19,11
7,2,14,5,12,5,15,10,3,7
2,1,14,5,9,12,12,1,9,13
14,11,4,4,13,6,11,19,6,16
8,10,1,4,2,11,5,12,3,12
3,9,16,16,15,1,17,13,13,2
11,15,1,3,7,6,7,19,9,5
19,13,4,7,10,17,5,7,9,3
10,5,10,4,19,12,7,2,1,13
11,12,8,5,9,3,11,9,15,13
4,17,15,4,16,6,18,10,1,12
3,13,11,12,9,14,19,18,18,15
13,19,8,7,7,9,12,9,3,1
10,2,17,14,16,5,5,4,19,7
15,9,2,3,4,10,6,9,17,14
10,5,12,7,6,14,19,7,16,8
17,1,4,6,8,7,13,12,15,16
5,8,10,15,19,10,7,19,18,14
2,3,8,10,8,3,16,11,9,2
11,5,9,3,6,6,1,10,5,13
2,9,5,10,19,19,7,1,4,10
14,8,8,13,14,19,19,1,18,17
12,17,3,8,3,15,5,2,16,8
18,18,13,5,12,8,3,10,9,7
17,4,16,14,1,1,5,6,10,19
17,14,14,9,12,10,1,13,16,16
19,18,3,3,9,15,18,14,19,4
17,18,18,1,10,16,6,11,15,16
17,16,6,6,14,19,10,12,6,6
15,9,8,19,9,7,19,17,13,2
19,5,8,2,1,9,8,14,4,3
13,2,18,18,12,19,16,3,19,2
3,13,18,8,4,17,18,14,3,11
11,11,11,19,18,7,2,3,12,13
13,8,12,2,11,12,18,15,11,6
14,9,7,16,9,13,4,10,14,8
18,8,9,1,19,4,18,12,19,14
1,8,3,4,4,1,4,12,16,12
7,4,17,14,11,12,11,18,9,9
4,16,10,6,13,2,19,3,10,8
16,16,2,3,16,17,13,12,5,13
4,5,9,7,12,14,17,5,19,17
16,2,19,3,12,19,17,8,14,18
12,6,5,3,17,13,1,14,3,2
6,7,2,2,4,12,11,1,7,9
15,12,7,10,4,7,10,7,15,11
16,9,16,7,16,15,8,16,7,17
15,14,7,15,12,13,18,12,10,3
13,13,12,7,6,7,17,3,3,10
14,8,8,5,10,5,16,1,8,1
15,16,9,4,18,7,2,5,12,14
4,6,4,13,12,16,4,14,9,18
2,18,13,16,3,18,17,18,7,2
11,11,5,10,6,4,8,19,9,1
12,11,2,1,7,9,10,19,16,18
8,11,5,17,18,19,5,16,1,6
11,5,13,15,11,17,18,10,4,12
9,1,10,2,19,10,16,17,10,12
15,19,4,16,9,3,6,9,10,3
9,6,13,9,15,19,16,19,14,16
15,7,2,11,8,2,13,13,3,7
12,19,1,17,9,13,13,14,6,17
16,8,13,4,9,8,4,7,15,11
14,13,4,19,17,16,4,7,12,10
7,2,9,7,14,7,17,1,16,4
9,12,6,10,4,12,5,4,13,18
11,12,11,13,17,5,8,17,18,17
12,15,15,15,8,8,13,4,1,8
5,13,9,13,7,3,11,5,19,9
14,1,15,9,10,16,15,9,8,13
16,2,7,1,18,9,19,5,13,3
12,12,15,15,1,12,7,8,7,10
18,4,10,16,3,5,10,6,12,14
11,15,9,2,10,1,18,19,6,16
3,14,3,3,15,6,8,19,13,2
4,19,5,18,7,11,7,8,2,6
1,7,12,11,12,8,18,5,16,17
17,18,12,2,9,6,18,13,9,10
3,8,13,3,6,6,15,5,9,9
18,15,3,19,4,15,16,5,3,16
4,17,6,10,5,14,14,8,10,1
1,17,14,19,14,13,9,3,17,3
3,18,17,1,15,5,7,7,5,19
8,17,19,3,7,19,3,5,19,16
3,2,10,11,13,10,16,11,10,17
7,11,18,6,2,17,10,2,8,1
14,14,9,6,2,5,14,7,9,13
13,7,13,5,13,16,4,19,5,16
11,2,5,15,9,1,19,16,2,13
16,14,1,5,17,13,19,8,9,6
3,11,13,5,15,7,13,18,17,3
6,11,8,12,1,16,8,3,4,7
6,12,19,4,18,7,10,16,16,4
7,16,10,15,2,6,6,12,16,19
4,2,5,14,5,11,9,17,8,12
16,4,18,3,6,15,11,1,5,17
19,16,7,6,9,1,13,10,14,18
18,7,19,7,15,2,6,18,3,10
19,19,16,5,9,5,8,5,14,14
13,19,6,19,12,9,8,15,17,3
18,7,16,11,12,14,1,5,5,2
5,11,17,9,4,4,10,5,9,16
11,19,19,4,4,17,10,3,19,14
10,12,16,7,7,1,14,3,1,10
14,7,1,18,5,4,12,17,16,16
4,6,1,2,1,3,6,10,15,17
6,13,18,5,10,18,5,9,6,7
15,12,13,4,18,14,15,13,15,5
2,14,16,6,18,17,8,6,4,13
4,8,10,4,13,19,2,18,2,3
4,12,3,14,8,4,12,18,14,3
5,16,17,2,6,11,10,17,19,9
5,12,15,13,10,6,17,16,8,6
6,8,14,4,4,16,16,11,4,19
19,5,15,16,10,11,17,12,17,7
16,16,1,1,15,9,2,1,6,11
7,11,11,11,18,11,13,2,13,15
10,16,17,9,18,11,9,8,12,5
8,7,14,19,7,18,10,17,15,2
13,6,4,16,14,19,14,11,10,13
18,3,10,18,9,3,1,4,9,1
1,3,4,9,4,4,15,14,18,18
7,2,15,13,4,19,2,5,2,14
5,16,13,3,2,9,3,2,10,17
9,16,2,5,1,18,15,17,17,2
11,4,6,7,10,9,16,17,6,4
17,12,19,14,3,15,4,4,18,19
13,2,7,8,13,18,9,7,14,12
3,3,14,1,17,6,15,14,7,17
18,11,3,17,7,17,12,11,10,9
6,10,18,4,15,6,17,1,10,6
7,9,7,13,17,4,9,7,1,5
16,14,8,13,4,16,7,3,12,9
6,14,5,2,8,18,4,12,10,17
17,1,3,18,18,1,10,19,13,8
18,8,1,3,16,2,18,6,6,14
15,8,3,8,16,16,12,6,4,1
17,13,7,8,19,19,9,8,14,5
13,5,6,19,17,6,3,11,12,7
9,1,4,2,9,15,14,8,3,3
5,12,17,19,11,8,12,14,19,11
7,12,4,8,12,7,4,4,15,5
1,17,16,18,8,15,9,11,2,19
12,13,17,19,7,4,19,7,1,13
1,5,13,5,1,1,11,7,10,11
14,14,8,10,13,2,1,16,18,9
1,8,17,16,10,3,5,6,4,1
1,1,15,4,10,2,11,19,7,18
7,8,1,19,11,4,10,9,9,1
16,18,12,4,15,11,14,18,14,12
12,15,6,16,16,3,15,5,1,4
17,17,2,6,18,12,12,8,13,17
7,7,13,4,15,1,2,11,5,9
15,12,16,2,5,8,17,16,1,18
3,2,5,11,3,11,10,16,2,11
9,9,14,9,9,16,7,19,5,11
16,6,12,15,19,14,10,18,13,19
16,13,16,2,11,1,9,3,11,8
14,12,17,13,13,14,10,14,10,18
15,3,4,3,4,11,6,3,19,7
3,8,9,11,2,14,18,4,6,2
7,6,6,16,17,19,8,17,11,2
9,10,5,6,4,11,6,2,18,14
5,19,12,3,3,4,18,8,7,10
17,9,6,15,18,5,9,5,3,11
7,5,6,7,13,6,9,4,5,13
1,19,9,17,2,3,19,6,1,7
5,6,19,8,13,17,11,14,5,3
17,11,6,4,1,5,16,16,13,15
16,16,13,4,5,16,2,7,8,5
19,8,5,11,15,6,6,17,2,8
13,9,11,10,19,10,5,14,13,4
4,4,1,13,7,4,17,19,2,17
9,14,14,2,5,15,5,18,19,5
6,13,14,11,14,4,16,6,5,19
16,9,11,18,6,15,5,3,18,1
11,19,18,18,11,16,7,12,8,17
16,19,10,12,19,16,9,19,19,9
9,13,1,5,11,16,18,4,17,19
4,3,6,4,13,16,17,8,10,2
14,8,2,9,19,13,19,1,11,19
6,12,10,12,8,14,11,17,5,3
13,12,4,14,19,3,12,15,16,7
7,15,2,11,9,4,1,1,3,14
16,1,19,10,16,9,9,6,15,2
2,14,6,9,13,4,9,5,6,8
17,5,7,4,9,4,10,11,17,1
12,11,8,19,6,2,2,17,5,2
3,4,11,2,6,15,1,1,1,3
8,12,7,7,17,7,6,6,16,15
14,8,10,19,9,2,12,18,2,15
6,9,7,8,19,15,5,7,9,14
9,11,19,3,3,7,11,15,5,13
6,7,7,3,11,3,2,11,15,1
14,17,19,12,12,4,18,13,18,19
1,18,14,11,3,4,9,18,11,15
3,4,12,1,19,6,15,13,6,12
16,4,11,1,12,11,12,3,1,11
13,12,16,2,10,9,4,15,10,13
4,4,9,16,19,10,8,11,16,14
11,16,1,8,9,2,17,15,14,12
6,18,6,17,15,15,4,14,7,6
2,18,12,12,6,8,3,15,9,4
17,12,15,9,15,5,6,9,9,6
6,10,13,18,1,6,14,2,18,7
11,16,15,4,18,19,14,6,15,6
4,10,3,1,12,12,8,6,1,9
14,18,15,3,6,18,11,7,12,13
14,4,3,3,11,17,2,2,18,17
6,16,3,8,2,15,2,2,3,9
7,12,6,17,18,1,10,6,18,19
8,18,14,13,15,6,17,3,14,4
4,8,1,15,4,5,15,17,9,16
13,19,18,19,2,17,11,9,10,14
1,6,17,18,13,17,7,12,9,13
3,9,14,17,9,14,9,17,6,16
18,2,15,1,5,18,6,11,18,12
19,9,5,9,18,2,17,17,9,7
9,10,17,5,12,6,17,11,11,18
3,10,15,9,9,19,11,19,10,10
4,3,2,8,6,19,19,1,13,17
3,18,2,16,18,16,10,8,15,3
10,15,2,16,5,15,1,12,8,5
3,13,15,9,11,1,4,18,4,9
5,19,3,2,3,19,2,1,14,16
3,5,7,6,16,4,3,13,16,19
8,10,16,2,6,9,5,8,12,7
9,8,15,19,19,17,7,13,11,18
18,14,3,18,10,15,15,9,18,2
7,10,8,5,7,9,7,2,15,8
8,15,18,12,14,19,17,14,11,5
15,12,18,17,2,13,19,4,13,2
1,2,7,2,13,10,1,18,12,8
11,8,10,3,14,6,8,13,2,8
11,4,2,7,11,4,1,16,11,9
13,19,2,12,13,16,6,3,1,19
13,10,12,6,10,13,3,17,8,1
14,11,2,7,10,6,7,18,3,12
7,15,17,1,17,13,18,16,19,2
11,12,10,7,3,14,4,8,18,13
8,15,3,5,14,8,4,7,14,11
18,8,9,18,16,4,14,9,19,8
18,5,5,11,3,17,1,6,2,14
17,9,16,19,16,17,5,8,13,17
2,14,3,17,5,11,5,17,4,1
6,9,18,8,19,11,5,8,3,13
8,11,16,4,10,10,14,5,11,17
11,7,10,12,2,13,2,18,18,18
4,4,16,16,16,11,5,14,9,10
16,19,12,8,16,14,15,12,10,15
12,7,9,15,12,13,17,9,17,17
12,15,5,18,12,1,4,7,4,16
18,13,12,15,14,7,18,15,6,9
3,4,18,9,16,2,8,13,14,11
7,14,12,4,14,14,15,5,9,13
2,8,6,1,3,18,16,17,4,8
7,5,10,1,7,8,9,15,14,8
6,19,18,17,17,6,17,2,15,12
8,6,9,15,15,12,13,14,12,3
9,5,2,10,12,19,5,16,16,11
5,6,12,17,2,7,7,3,19,1
1,8,1,3,15,10,17,12,12,5
15,19,12,19,15,15,19,13,12,18
12,12,16,3,4,6,11,5,13,16
16,10,18,1,14,6,19,19,10,6
3,4,11,10,8,10,2,3,2,19
5,5,18,17,12,11,11,6,11,9
13,16,16,13,13,16,5,9,11,6
6,13,9,11,4,9,5,10,9,15
11,13,14,15,12,17,2,9,14,19
13,11,9,18,2,2,15,6,7,9
12,6,13,16,4,11,9,12,18,8
3,11,9,1,3,4,6,7,19,19
15,17,4,17,2,3,11,1,16,15
9,6,17,11,10,17,16,16,7,7
14,7,15,1,6,19,19,17,19,8
10,7,18,9,5,10,4,9,18,19
1,18,18,3,10,4,18,5,6,7
4,17,10,5,17,3,1,17,16,15
13,3,11,2,10,18,2,16,4,7
13,11,13,17,17,7,16,15,15,14
11,2,7,6,16,13,7,5,13,14
10,12,16,8,1,14,7,12,15,15
10,19,13,12,6,8,18,5,4,2
10,16,19,13,4,4,18,18,14,8
4,19,6,13,12,3,19,4,17,8
19,8,19,6,3,8,11,8,3,5
6,14,7,2,2,2,15,16,5,3
7,6,14,3,5,19,1,7,5,7
11,16,4,17,14,3,18,15,5,19
13,9,1,12,19,4,6,13,1,1
9,13,1,5,14,4,12,8,16,2
7,19,8,12,14,3,9,10,12,16
11,19,16,15,11,6,13,15,4,18
8,12,6,7,13,18,9,8,8,17
9,9,4,12,7,6,2,10,14,13
7,7,7,8,15,9,16,2,9,10
4,4,4,2,1,7,5,3,19,9
5,9,19,10,11,4,17,9,9,11
12,16,9,2,2,17,5,6,3,16
12,4,8,1,13,14,12,5,7,11
15,16,17,13,8,15,6,8,13,3
14,18,13,19,13,9,5,6,9,7
7,2,9,9,1,3,4,12,18,7
1,3,15,15,10,16,14,9,8,12
18,14,19,17,3,3,9,4,7,19
2,12,14,16,13,11,17,9,9,3
17,3,12,14,1,17,1,16,8,7
3,4,3,7,13,19,7,12,9,1
4,3,7,7,10,2,6,8,17,10
5,3,12,11,7,10,14,15,11,5
7,15,9,3,14,18,13,7,7,9
9,15,16,3,5,14,16,2,19,6
19,17,7,15,6,3,5,7,6,13
13,19,2,14,15,3,15,17,6,12
10,2,4,9,11,17,3,13,14,6
13,16,5,7,13,3,4,16,2,4
2,1,9,15,1,15,8,11,10,14
11,8,16,7,12,15,12,9,2,10
14,4,18,6,7,18,18,19,19,14
2,18,7,19,13,4,5,7,1,7
9,2,3,17,13,3,4,8,15,5
16,4,15,11,3,2,13,5,5,19
8,1,14,9,8,18,8,19,8,19
9,18,15,17,2,14,15,14,17,2
11,1,7,7,17,7,3,19,9,8
5,2,7,2,18,18,15,16,10,17
4,14,15,3,14,12,18,4,7,17
1,17,12,11,15,19,9,16,7,1
9,9,17,5,10,1,8,11,7,10
3,14,6,17,11,19,12,3,5,14
16,13,5,7,17,3,4,11,11,13
10,14,11,3,9,15,1,6,9,10
14,9,19,5,3,6,3,4,12,12
3,17,8,12,19,1,12,6,18,4
4,14,19,3,7,14,17,15,9,11
11,1,14,16,2,4,9,15,5,3
16,2,4,6,19,6,1,12,3,8
2,3,9,18,5,15,1,14,5,14
1,8,18,11,6,7,4,2,19,15
8,11,4,12,5,4,12,3,4,14
6,5,9,9,5,18,15,1,6,1
5,12,17,1,12,13,4,6,12,4
1,5,15,8,2,16,17,8,3,9
18,15,5,1,13,12,10,10,14,5
17,14,12,2,17,7,12,1,15,4
1,5,8,2,9,16,5,1,11,16
9,14,8,13,6,14,13,14,10,14
6,6,11,8,11,15,17,19,19,1
19,10,1,12,12,9,16,1,12,6
12,9,7,5,1,8,17,10,2,8
17,5,11,1,3,11,1,10,8,8
3,14,3,1,4,11,1,16,13,6
14,16,17,1,12,17,5,17,15,3
13,19,1,11,18,2,10,8,12,12
5,17,7,3,13,18,12,9,14,16
13,9,19,13,4,5,14,2,11,16
18,4,1,17,1,18,3,6,14,5
8,2,7,14,4,2,7,1,4,2
1,1,16,15,16,9,12,2,2,1
14,6,19,14,19,5,18,7,5,8
9,11,7,6,17,12,3,3,14,4
12,15,9,7,12,1,3,2,6,17
7,9,2,10,2,7,6,12,5,10
13,18,11,3,10,15,15,1,19,10
16,5,15,7,2,10,8,3,19,13
5,10,6,4,2,5,14,4,3,17
9,4,10,17,13,16,11,13,1,19
3,11,3,17,4,8,12,18,16,9
1,2,14,10,16,3,8,8,8,3
4,18,2,11,6,15,3,6,18,6
7,8,14,4,19,13,15,9,15,7
6,7,4,8,19,4,3,1,14,7
2,12,13,15,16,7,14,9,3,4
14,18,6,6,3,1,17,1,16,6
6,19,9,6,6,13,11,6,5,13
4,19,5,11,8,1,7,7,3,18
12,11,10,6,15,5,4,3,14,2
16,8,3,9,19,14,1,9,16,2
19,9,5,16,19,14,13,11,2,12
14,6,7,10,3,14,15,15,11,19
4,13,17,11,17,7,2,4,18,13
12,3,2,17,6,13,2,2,15,3
1,6,12,2,7,8,8,17,6,12
3,13,17,3,13,13,7,1,1,14
16,13,16,5,14,18,1,5,4,1
3,4,19,15,6,7,7,14,7,4
7,4,13,15,15,3,16,8,11,7
9,7,9,3,15,16,11,12,6,13
16,7,2,11,19,3,9,15,15,13
18,11,19,2,5,16,19,16,2,16
3,13,19,1,7,19,14,6,5,14
2,17,1,11,16,17,9,11,3,18
6,14,11,13,11,8,13,15,16,11
13,18,16,1,8,8,6,9,16,6
4,16,16,19,4,10,15,10,11,11
5,7,2,8,16,11,19,14,2,8
15,16,13,2,11,8,3,15,17,7
11,12,9,18,15,14,15,13,15,1
1,16,12,2,16,5,10,16,2,1
3,16,2,17,15,16,4,13,5,10
13,11,16,10,5,4,10,10,12,5
17,9,15,13,16,8,5,1,15,19
7,18,1,11,19,11,2,18,16,19
10,12,11,2,19,11,2,18,2,3
5,5,9,4,9,14,14,7,2,14
8,13,8,13,6,10,9,14,5,11
15,11,8,6,7,7,13,13,19,10
5,4,1,5,5,2,2,10,6,17
4,13,16,7,19,7,9,7,1,4
3,4,5,2,10,15,17,17,6,7
9,5,18,13,1,11,15,6,11,13
7,16,2,10,17,8,19,18,19,10
8,6,14,4,18,2,14,18,16,11
11,6,8,17,18,18,19,18,17,8
18,17,6,15,14,4,19,7,6,5
11,4,7,9,7,18,19,19,4,17
8,4,12,6,9,6,14,8,5,1
6,12,9,8,12,13,1,9,15,10
12,8,10,11,16,13,1,13,8,12
19,15,5,2,11,13,14,19,12,19
5,14,18,19,8,3,12,19,4,17
4,1,4,7,9,13,7,15,14,6
19,18,13,14,13,7,3,6,8,19
14,17,11,9,5,2,9,15,15,13
18,8,3,6,11,15,19,5,11,9
13,16,17,4,2,16,1,5,17,2
11,16,1,5,7,4,18,4,14,14
16,13,10,5,16,18,14,3,1,14
11,8,18,17,6,10,9,5,18,18
12,11,5,12,5,3,9,7,4,16
15,15,17,17,19,1,11,17,1,9
11,9,12,5,9,4,16,1,19,7
16,6,9,11,18,8,1,11,6,15
16,11,15,15,4,1,6,15,15,3
19,14,19,15,14,8,1,2,10,11
8,18,19,15,19,17,10,15,11,8
4,4,12,14,6,3,18,19,19,5
14,19,3,19,15,4,15,13,1,4
18,9,14,14,3,18,7,18,13,19
6,19,2,7,7,16,6,2,19,6
16,7,13,4,17,4,10,4,5,10
15,13,17,3,13,18,3,2,14,13
4,6,6,17,5,19,1,11,17,9
9,18,3,17,5,4,9,5,5,15
7,9,15,14,18,6,8,15,17,12
15,19,11,2,14,8,3,19,17,18
8,12,11,1,19,12,13,7,1,13
7,18,9,18,13,14,14,13,8,1
14,15,19,7,8,7,8,12,3,2
2,13,18,19,18,8,1,18,3,9
12,4,11,4,6,11,15,19,12,9
6,2,15,17,5,11,8,5,16,14
15,2,6,1,8,1,10,5,16,3
18,13,11,10,9,14,6,9,2,7
13,7,5,8,17,19,18,7,6,17
11,9,12,13,5,2,13,3,12,13
19,12,11,2,11,11,6,11,11,14
17,10,9,9,14,4,1,17,4,5
11,3,10,3,13,13,9,18,2,1
7,4,7,18,12,4,4,1,17,12
7,7,14,9,9,10,14,13,17,14
17,1,18,2,15,15,13,17,2,7
15,6,8,16,18,16,12,10,6,4
3,6,14,17,3,9,16,10,17,9
11,18,9,18,18,11,2,9,16,6
9,17,12,7,11,8,15,17,7,8
16,14,11,10,19,3,14,12,6,3
8,3,9,10,7,11,13,19,15,5
5,12,1,1,5,19,3,19,18,11
8,17,12,16,9,4,7,15,1,7
11,1,18,9,6,11,12,8,8,10
14,4,16,5,17,11,12,19,12,6
6,9,10,7,14,15,5,11,7,15
7,10,17,15,7,4,5,17,17,18
5,4,19,14,12,3,8,11,1,7
16,8,7,7,7,7,4,1,3,9
19,5,16,11,16,16,4,17,9,6
8,8,9,18,3,8,4,12,19,18
9,19,17,2,13,16,14,18,12,19
5,16,13,6,3,4,18,4,3,9
6,18,12,5,19,8,2,3,5,5
8,1,10,4,6,6,3,5,19,3
4,17,3,3,17,14,6,9,19,9
14,2,17,2,13,17,13,12,16,3
14,10,4,1,9,7,18,6,5,15
16,12,9,4,4,12,7,6,19,5
13,17,14,3,13,6,8,12,3,15
5,3,13,7,18,15,14,9,12,5
17,6,18,6,15,5,12,3,16,14
1,3,15,12,15,6,19,19,6,1
17,3,14,4,11,2,9,4,13,9
4,17,15,12,9,6,9,14,1,14
15,14,6,11,6,16,11,11,18,18
8,5,9,11,2,16,9,16,2,19
12,12,8,18,2,13,14,13,14,10
19,9,15,15,2,18,11,4,16,10
8,5,11,4,13,18,6,8,1,11
6,17,9,5,13,1,16,9,9,8
5,16,5,12,1,12,12,4,8,17
12,9,11,16,3,13,11,2,4,6
19,7,5,5,5,9,7,9,8,3
7,6,15,5,16,4,6,10,9,15
1,17,16,16,1,14,13,19,19,8
16,3,7,2,16,2,11,4,10,3
16,11,18,7,11,16,11,19,2,17
4,10,5,17,1,14,8,12,5,12
1,14,8,12,2,7,14,6,1,9
10,10,1,9,6,2,19,2,17,12
16,12,8,13,19,19,2,5,5,14
2,11,16,4,7,10,3,17,19,14
11,3,13,17,18,13,4,9,17,1
19,4,17,3,14,12,13,14,12,17
6,8,17,15,5,15,12,6,12,10
9,19,3,14,17,10,15,19,2,9
2,14,13,10,19,16,18,9,10,10
6,17,4,4,17,7,8,9,14,12
12,9,5,17,14,13,13,16,4,13
12,19,1,15,4,15,7,1,6,7
11,2,1,16,5,7,19,4,15,1
3,11,16,12,17,1,3,7,2,6
14,12,1,13,3,5,6,12,8,11
17,2,3,16,3,15,1,7,18,6
15,3,15,6,13,13,17,5,16,18
6,17,18,13,9,10,4,13,13,17
10,17,7,3,1,11,11,1,12,1
9,2,7,13,3,1,17,7,3,2
15,3,5,6,3,13,10,11,18,17
16,16,1,17,9,6,3,17,13,14
16,5,2,14,11,17,16,3,14,6
3,3,6,13,6,8,4,7,2,7
6,1,13,16,19,15,2,7,13,18
1,10,2,1,15,4,15,11,12,14
2,4,15,14,13,6,9,13,18,14
1,6,9,1,14,9,16,10,12,1
2,7,14,3,18,12,18,5,19,19
11,11,11,12,14,1,14,13,16,6
19,5,1,8,5,19,2,15,16,1
11,7,5,9,13,11,3,16,18,2
14,7,2,6,3,13,14,18,13,19
3,5,1,5,18,3,3,16,6,3
12,11,6,14,18,1,4,16,7,12
4,15,14,1,5,9,12,3,13,6
2,15,4,8,18,17,13,12,17,10
10,17,1,4,19,7,6,15,2,10
8,7,11,2,14,14,4,11,9,11
18,6,11,9,1,8,2,18,10,18
14,3,3,6,8,12,15,19,14,7
15,10,4,10,11,10,7,15,13,14
13,1,17,18,7,11,1,9,11,12
17,2,10,6,16,6,11,2,9,13
11,18,16,1,4,14,4,6,6,3
15,5,17,11,9,11,7,14,5,17
1,10,1,5,6,4,16,5,15,16
13,7,19,18,14,19,5,16,12,1
19,4,3,8,8,16,16,6,4,10
4,13,3,3,15,13,2,10,1,18
4,16,1,3,9,9,10,13,16,16
15,2,15,9,14,13,17,2,4,3
6,6,8,17,9,17,2,6,2,9
14,14,3,5,1,3,3,15,14,19
19,19,1,9,13,3,16,7,2,8
12,11,11,9,18,1,9,16,4,7
11,8,15,3,8,16,14,16,3,17
7,3,17,19,3,7,12,13,11,19
6,7,8,3,4,5,4,7,4,8
16,1,6,5,15,17,15,13,16,11
17,12,2,15,15,17,17,14,1,19
8,4,12,16,6,10,9,17,2,5
19,8,15,9,9,1,15,6,19,11
1,7,18,7,2,15,2,7,8,10
1,13,18,7,7,17,9,3,13,13
6,18,4,7,12,9,2,7,17,5
6,9,11,4,5,16,11,15,2,10
14,14,12,15,11,11,7,15,5,19
18,10,19,6,1,12,15,16,15,18
1,2,3,10,17,13,14,13,1,4
7,2,3,18,18,6,3,18,13,8
9,2,10,3,15,13,15,19,5,12
19,12,3,16,14,1,2,3,2,1
6,6,13,3,6,4,11,15,13,6
7,12,5,17,14,5,7,10,5,2
2,12,1,13,3,1,11,15,6,15
19,5,13,6,14,18,6,1,8,3
6,9,1,17,8,18,19,17,10,7
4,5,6,19,7,1,18,1,11,16
2,16,7,16,13,13,14,14,15,6
13,7,8,9,10,7,18,12,3,15
9,10,13,3,16,12,1,18,4,16
4,1,19,2,10,17,3,6,15,12
7,14,2,17,5,7,19,4,6,19
18,7,4,9,2,5,17,12,10,10
1,17,14,7,8,14,9,6,8,8
13,13,1,6,3,13,12,14,5,5
18,1,1,8,16,1,19,11,16,18
18,14,16,10,7,2,8,12,1,9
5,11,1,12,12,13,17,2,1,10
17,3,6,9,10,7,15,11,5,7
1,12,11,12,12,13,15,6,12,11
10,10,9,13,17,6,2,18,15,12
10,8,17,9,4,2,16,10,10,12
15,6,12,12,18,1,4,11,14,3
3,15,19,9,6,13,18,13,11,19
17,4,19,3,10,2,17,13,5,4
3,8,2,3,19,1,9,8,16,10
2,4,15,11,1,1,2,17,14,9
13,2,7,15,2,17,5,13,10,13
11,18,6,1,15,7,15,14,18,10
17,7,19,16,18,1,8,11,10,15
6,15,13,6,8,14,9,14,18,12
5,14,2,8,17,18,8,13,5,4
17,2,5,15,14,10,14,1,8,16
8,16,6,8,13,6,15,14,17,11
6,1,18,15,3,16,11,16,19,14
7,13,17,17,13,10,8,9,9,13
19,1,18,1,5,14,15,2,2,3
3,6,8,9,10,18,5,14,1,18
11,16,13,4,12,7,10,9,1,13
14,14,7,3,9,1,6,15,10,12
13,15,16,3,14,16,3,2,2,9
11,6,12,12,15,1,1,7,8,18
1,12,6,12,2,9,16,7,13,3
3,16,7,19,8,4,14,18,11,3
4,18,3,12,3,2,1,14,12,9
19,7,17,8,15,2,4,17,7,18
9,4,14,16,12,13,18,12,3,5
11,8,4,14,13,16,7,16,2,1
12,4,4,5,1,15,11,17,16,19
19,8,16,2,14,8,6,16,11,16
2,16,1,19,19,15,17,16,12,12
3,9,12,5,4,15,4,9,17,2
18,13,15,14,14,12,17,13,14,3
7,17,13,10,15,17,7,14,9,1
12,2,3,10,2,13,7,3,11,9
18,6,19,8,9,13,19,3,16,15
15,10,11,4,10,13,10,9,17,5
4,15,5,4,14,11,10,2,8,15
10,17,9,5,9,4,2,16,17,10
9,19,2,14,9,11,7,16,6,7
6,15,2,17,10,4,7,3,11,14
4,16,2,16,9,5,2,11,7,14
18,11,13,18,13,4,15,16,13,18
16,6,18,4,15,15,14,4,10,2
2,15,9,8,1,19,13,13,10,7
14,7,19,14,4,10,4,9,7,6
5,11,5,1,1,14,11,12,17,19
1,7,1,13,10,18,16,13,15,18
11,16,11,10,9,3,13,6,10,19
17,19,17,15,9,3,15,9,8,14
1,6,14,18,5,3,18,3,14,17
7,9,8,3,15,14,6,7,15,19
19,12,14,11,17,11,16,6,7,6
5,14,17,15,15,6,12,9,14,10
17,18,9,2,10,6,16,11,1,1
10,8,9,6,17,7,15,8,10,19
3,12,3,5,11,4,3,18,1,14
6,15,7,13,12,1,6,2,17,18
13,3,3,12,15,18,10,4,5,4
18,4,10,16,10,18,4,10,11,4
7,7,17,2,4,16,6,7,16,18
4,9,1,14,13,3,13,3,1,6
6,9,8,15,11,14,15,12,14,11
12,7,7,3,16,12,19,4,10,8
7,1,19,17,5,10,5,4,19,12
11,11,2,5,1,11,18,14,8,17
7,3,6,14,19,6,4,1,7,17
19,14,9,1,14,6,6,13,8,13
10,13,12,12,4,1,19,7,3,19
17,8,7,7,14,11,18,3,11,19
13,7,7,2,2,9,17,4,16,1
12,7,4,10,7,8,1,18,5,11
19,17,12,13,5,2,12,11,19,2
12,6,19,18,8,16,9,5,14,5
15,1,4,17,11,14,7,17,2,9
5,10,10,13,2,14,13,5,10,5
2,1,6,3,11,11,3,10,2,7
5,6,3,19,18,1,1,9,4,13
5,18,16,8,2,8,4,1,17,18
6,1,5,11,1,16,6,5,9,10
1,7,12,16,15,4,8,15,15,17
18,19,6,15,19,7,2,1,2,15
5,15,13,5,19,8,4,17,9,6
3,10,18,17,4,18,11,14,2,18
16,14,10,16,16,18,14,2,5,5
3,16,5,19,10,4,5,1,6,14
7,8,13,7,7,16,12,11,6,1
5,10,7,10,4,5,18,18,9,12
17,1,1,8,10,6,10,6,11,19
6,11,8,5,11,7,19,2,15,11
3,9,9,3,1,6,13,2,9,19
6,11,1,13,1,8,15,1,9,1
5,19,6,16,13,16,16,19,3,1
1,1,16,2,5,7,13,5,14,11
2,6,6,4,12,18,5,13,3,10
5,13,14,16,10,8,9,4,14,17
17,7,10,8,15,19,14,4,8,2
3,3,15,6,14,16,7,9,11,14
4,15,2,8,4,10,11,12,2,13
5,1,14,2,13,14,4,15,12,18
13,19,6,7,12,7,1,5,18,8
19,18,5,8,11,3,12,17,16,13
4,3,13,9,14,9,1,7,7,7
16,17,5,9,3,13,11,18,10,14
15,15,5,19,10,5,2,6,2,18
15,5,15,3,14,4,10,1,17,8
17,6,16,15,18,6,7,16,5,8
6,12,14,5,4,7,1,4,10,16
4,3,12,9,8,12,7,12,1,2
9,16,11,15,10,8,15,13,10,11
19,19,9,12,11,8,1,8,17,15
13,10,19,17,2,5,7,6,13,7
3,16,3,14,16,10,2,1,16,13
8,1,3,5,13,6,16,17,15,7
8,6,13,11,18,6,2,14,8,8
2,18,10,18,13,11,12,10,5,6
17,9,7,14,17,2,13,1,5,2
6,19,15,16,3,19,2,19,5,2
3,9,14,11,14,3,1,10,3,11
6,11,9,13,12,1,12,10,15,19
18,3,7,3,18,11,11,15,8,13
16,2,17,16,10,10,19,12,5,12
11,4,10,10,6,13,7,19,16,11
2,6,1,17,16,9,8,1,6,13
2,6,5,18,19,14,6,18,10,18
13,2,6,19,3,17,8,16,10,19
15,8,3,12,10,12,8,19,17,18
7,11,15,4,13,15,16,6,18,15
12,5,14,9,1,19,17,19,13,6
8,13,6,17,6,10,9,5,18,10
2,17,15,4,3,5,12,19,4,10
8,10,2,9,3,5,9,13,12,10
12,19,11,2,15,17,6,18,11,13
19,8,7,2,4,8,4,16,11,14
16,8,5,5,19,14,3,15,6,3
7,9,8,2,19,7,6,10,4,13
8,17,8,2,15,1,2,15,18,14
5,2,13,8,10,15,11,5,5,3
5,11,9,7,9,19,10,18,11,6
14,15,2,4,12,11,8,14,8,10
18,1,8,12,14,3,5,2,13,14
8,3,17,3,6,5,6,3,11,5
19,16,17,7,5,11,1,19,9,15
12,2,5,19,10,14,6,3,2,9
17,16,13,1,14,6,9,18,9,15
11,2,10,18,10,14,19,1,1,1
4,2,2,10,9,5,8,1,9,19
17,12,1,11,19,5,17,6,18,19
12,18,6,14,17,7,12,5,12,3
14,18,11,18,14,4,14,9,6,17
2,11,4,7,1,10,7,6,17,4
15,8,5,12,6,13,16,15,11,1
4,2,16,18,6,16,3,10,10,9
11,6,8,17,13,16,12,17,18,10
17,4,6,14,1,11,1,4,16,19
3,10,18,14,4,16,2,6,3,3
19,15,14,2,18,19,4,10,13,10
4,3,4,7,1,2,16,4,4,1
17,9,18,9,16,17,19,13,5,7
6,9,7,1,7,1,14,1,16,9
4,14,2,10,7,12,10,6,17,18
19,9,12,16,9,13,10,1,8,8
9,7,12,18,11,9,18,1,6,12
13,18,5,5,8,3,8,16,6,1
15,6,16,4,8,18,8,6,10,12
16,5,19,2,11,8,6,12,7,2
4,16,9,5,12,3,3,8,14,18
187,181,166,185,162,182,156,144,120,127
126,160,156,192,156,145,150,168,195,165
181,158,178,123,199,122,192,167,155,164
181,159,178,169,156,197,139,196,136,133
170,140,133,160,175,147,189,173,134,127
120,168,124,164,134,124,165,196,125,146
148,145,170,139,125,186,145,159,120,174
161,136,163,167,191,127,188,190,127,192
154,140,167,148,142,195,155,140,141,121
126,156,149,163,122,162,183,161,127,128
177,171,197,195,144,134,166,120,128,158
170,135,189,158,128,195,128,133,153,163
159,165,128,144,168,175,177,137,187,167
158,121,186,146,196,129,195,163,189,147
131,131,172,180,159,139,136,140,172,164
137,174,182,177,167,186,190,131,189,158
198,120,138,130,137,148,130,158,144,127
142,125,150,146,188,157,151,139,184,164
196,171,120,181,180,145,195,166,168,127
154,177,195,162,189,167,130,184,176,189
126,150,135,134,163,196,163,167,164,189
128,173,148,174,164,152,143,168,159,182
192,142,131,180,123,143,187,154,128,135
142,158,131,173,158,162,145,133,194,199
185,177,125,145,159,150,136,152,150,158
197,196,155,121,176,121,159,130,177,132
158,121,166,143,155,166,179,183,172,144
159,124,194,170,130,162,163,172,192,133
123,144,123,193,131,176,125,158,139,172
133,121,184,132,141,131,128,188,127,123
134,139,142,123,139,130,195,153,165,194
184,126,190,172,121,162,125,150,171,183
138,143,199,162,126,174,122,180,170,187
149,133,145,175,168,162,194,167,150,142
130,198,144,147,165,166,146,137,169,129
184,136,194,194,159,123,149,193,122,176
194,173,164,147,190,189,124,169,154,168
163,158,192,183,155,189,178,140,166,153
169,151,151,133,188,129,198,156,196,138
174,155,150,187,127,198,126,151,145,129
179,144,175,167,121,165,189,148,164,191
178,150,161,164,173,143,177,123,168,155
152,181,153,134,145,122,136,175,172,195
170,176,166,188,180,153,153,175,186,121
192,172,157,142,143,152,175,158,137,126
155,174,157,156,131,125,168,134,172,124
120,166,198,187,162,150,171,194,145,122
193,174,186,185,129,192,126,129,143,185
152,153,191,157,127,194,135,177,140,156
133,188,155,198,166,194,194,194,162,155
131,134,158,125,155,196,196,160,173,128
139,167,146,178,189,139,139,120,191,191
125,145,143,134,140,197,133,142,140,125
172,157,157,121,150,135,188,131,197,167
151,132,168,182,186,174,179,149,146,186
173,169,145,137,140,174,178,166,134,198
143,194,170,177,136,194,167,172,124,121
178,128,165,180,189,163,130,154,156,135
186,120,123,139,128,121,190,136,138,146
140,182,164,155,197,181,155,193,197,160
149,123,158,135,168,183,184,181,199,189
149,141,161,160,159,148,178,198,138,131
124,142,152,135,165,162,187,186,125,143
190,181,135,162,164,182,174,186,149,186
195,142,140,129,172,151,155,183,185,187
121,150,172,194,192,174,157,150,166,125
166,185,156,199,161,176,178,137,160,192
160,147,129,155,146,186,124,136,188,190
162,173,187,139,183,137,141,177,170,174
194,170,152,127,167,158,158,177,148,175
199,156,155,188,152,168,160,147,123,184
188,127,137,184,157,175,120,187,175,164
136,140,148,121,186,194,128,134,166,148
193,130,154,193,175,152,188,129,143,140
145,193,169,195,196,188,166,191,135,169
121,184,143,157,193,172,198,174,149,143
125,121,185,150,157,142,199,124,191,181
196,141,146,171,186,159,184,141,172,191
186,168,135,152,152,169,160,177,157,172
131,123,184,143,178,182,183,147,164,170
132,159,149,193,150,128,122,121,125,156
186,132,182,122,197,169,146,136,188,186
127,194,149,136,168,165,134,164,127,156
155,129,168,131,132,149,131,194,184,129
159,128,198,153,174,138,175,122,198,179
197,158,180,191,192,122,126,129,162,185
185,181,135,171,182,128,145,128,146,153
170,180,195,197,144,196,141,127,144,134
150,121,146,175,194,188,194,131,186,146
132,131,157,152,140,167,199,123,181,198
195,176,156,127,161,166,194,149,170,187
166,142,141,167,126,158,188,175,169,126
135,193,198,188,157,135,120,177,157,138
193,141,151,155,155,146,137,151,196,124
172,152,194,133,144,147,182,152,162,154
138,158,151,133,141,144,122,134,157,164
168,146,146,160,142,168,194,197,178,172
127,198,149,128,197,176,172,157,193,194
168,175,178,124,193,190,131,129,178,163
161,133,186,193,169,195,136,145,192,137
194,194,137,172,145,180,176,126,183,159
188,136,174,178,125,191,170,173,151,184
127,179,150,143,173,194,135,179,145,184
127,167,175,181,148,145,169,140,192,183
173,128,173,197,134,125,189,165,188,171
144,172,189,150,194,161,141,177,151,125
195,180,160,152,154,151,180,150,134,189
189,125,167,130,139,128,121,154,186,124
141,188,170,150,189,150,141,180,147,158
158,163,159,142,149,161,161,174,181,170
185,188,162,141,189,130,158,145,168,166
126,167,133,189,140,193,123,165,131,128
191,152,170,197,127,147,128,132,127,175
123,142,171,137,174,151,180,138,151,182
120,196,194,199,163,122,122,179,192,165
137,146,136,174,173,191,156,136,190,162
178,190,126,136,123,182,180,120,184,122
171,176,156,147,170,197,124,187,138,185
178,194,199,160,196,186,190,144,183,171
169,153,131,129,172,179,188,134,143,146
197,124,124,141,126,146,166,132,174,133
166,121,148,183,139,189,195,139,151,186
149,120,198,176,186,120,129,121,185,196
175,179,196,156,156,192,131,177,173,196
147,147,173,143,146,131,148,171,142,189
127,179,121,169,136,135,196,161,149,165
168,182,179,195,196,152,124,127,199,144
176,171,129,190,138,188,182,145,150,135
147,133,176,197,171,120,145,164,146,140
180,164,173,179,146,140,173,167,134,191
176,168,144,147,168,148,181,152,145,185
177,162,178,181,125,156,169,168,127,141
142,140,142,121,147,151,146,152,125,150
120,130,179,196,149,142,196,127,138,173
132,175,154,155,145,185,174,120,159,145
165,180,171,150,159,124,146,160,141,189
153,146,125,195,139,179,147,169,135,177
134,155,189,147,169,165,171,133,164,173
140,199,180,180,163,189,172,151,148,127
198,170,165,193,146,181,186,160,179,141
157,152,146,152,148,138,127,176,184,183
175,154,198,121,159,175,195,162,163,144
155,193,147,153,128,188,161,138,135,138
163,161,169,124,171,130,187,161,146,165
165,183,124,196,182,159,183,180,198,125
137,160,141,168,171,180,146,193,165,140
189,129,132,190,185,148,127,160,170,149
160,169,136,145,169,149,176,124,173,126
154,157,157,184,186,138,138,132,191,131
199,171,184,196,126,188,194,164,194,172
136,164,121,166,176,144,164,146,159,190
181,188,196,135,163,141,173,164,143,180
137,159,156,182,184,147,167,126,156,142
135,123,145,184,144,183,197,170,186,169
169,163,133,194,186,159,124,196,136,161
195,154,138,154,148,157,121,143,150,150
189,174,137,178,194,158,165,166,178,180
179,188,138,185,132,169,160,197,124,123
143,134,151,186,197,122,147,196,155,182
174,124,197,192,132,157,170,174,195,170
149,137,135,125,188,154,121,124,138,134
146,198,122,160,179,149,122,165,144,144
195,168,124,178,198,190,121,189,198,127
153,138,176,123,155,150,186,183,190,145
144,196,129,184,151,180,171,127,135,125
139,174,122,189,136,134,190,148,143,150
148,164,159,136,188,143,181,172,160,126
140,136,128,123,156,193,179,156,125,137
173,177,169,187,179,157,143,195,142,126
164,124,144,184,195,158,160,128,146,122
167,128,140,132,129,146,164,192,172,130
160,157,166,128,128,154,130,155,169,154
180,135,141,184,176,160,176,192,128,139
122,195,125,169,136,138,137,146,194,133
168,159,153,122,188,130,199,187,180,172
154,194,134,163,143,166,184,196,190,144
162,193,183,162,170,170,169,184,174,138
154,166,126,148,164,199,158,138,132,140
188,124,198,186,138,156,127,197,141,137
173,170,155,131,148,192,184,157,177,121
156,126,147,159,123,160,195,138,156,193
188,138,190,137,121,132,190,152,165,142
194,122,134,198,197,192,132,151,131,127
135,173,165,141,196,152,186,194,121,138
158,136,180,153,182,133,131,125,127,132
181,186,163,155,129,161,148,169,144,166
145,157,187,144,141,184,153,198,158,196
123,155,194,172,177,173,181,120,140,186
183,169,190,152,175,189,182,178,123,175
169,181,189,145,177,130,156,151,199,144
189,182,148,149,195,145,160,169,167,125
176,156,155,133,168,168,159,131,139,178
153,172,149,134,132,144,174,147,122,175
155,137,179,126,192,162,161,156,163,128
172,179,164,124,160,122,194,126,153,171
141,179,137,193,154,164,147,195,121,136
151,161,124,133,147,184,125,169,149,125
154,196,138,198,162,154,175,130,133,190
148,147,161,152,183,136,192,190,125,187
149,140,162,157,139,150,127,185,149,179
152,180,157,147,152,186,164,185,125,182
194,184,159,167,189,180,161,149,155,154
157,147,148,193,131,140,125,196,148,164
161,150,188,191,195,184,197,121,151,126
139,160,190,179,120,132,168,135,188,199
156,186,135,171,186,161,126,176,167,158
152,162,162,187,124,196,138,125,159,167
126,139,195,130,129,176,175,126,153,136
126,185,120,165,144,195,179,169,158,187
171,139,152,155,187,161,130,125,124,140
146,175,176,165,155,127,153,150,191,162
133,127,179,147,165,194,179,190,159,142
131,123,171,152,123,164,139,189,124,156
148,134,157,157,163,131,178,142,140,173
172,169,122,189,145,145,198,144,168,147
153,180,151,137,187,138,174,144,141,188
186,146,154,185,133,187,185,131,141,198
163,141,163,183,181,183,138,138,199,125
160,139,134,174,138,176,144,166,180,126
163,131,158,141,136,177,148,142,153,195
146,183,136,184,185,162,149,134,193,163
162,180,158,150,152,170,197,124,165,196
187,178,135,169,126,188,131,185,133,124
183,182,163,192,198,150,177,121,140,177
178,194,147,171,124,154,174,135,169,141
157,131,193,181,140,127,176,155,192,173
165,180,158,121,170,131,177,142,160,140
195,169,160,150,134,128,139,146,174,124
123,198,189,141,181,139,172,142,124,167
199,158,125,153,171,144,120,162,135,177
181,189,130,133,172,125,160,197,133,145
196,170,152,132,194,121,138,138,180,172
170,120,194,171,164,129,123,188,151,195
137,167,177,198,123,139,157,194,196,179
181,133,170,122,134,135,185,142,182,148
164,143,125,157,124,140,140,199,180,153
121,170,142,180,158,157,193,191,180,125
133,181,188,120,160,186,127,157,155,180
199,199,133,162,166,131,176,143,155,172
135,199,187,132,179,193,177,131,160,196
123,148,162,188,146,121,157,175,159,120
144,156,164,143,177,136,166,184,171,148
185,161,189,135,168,181,152,160,150,148
134,127,142,138,123,191,187,152,190,187
134,157,154,174,155,197,142,136,177,150
184,155,152,196,133,125,167,197,155,188
156,170,187,148,167,184,126,169,184,135
171,130,141,180,190,142,132,136,190,142
165,193,173,166,191,171,181,126,166,161
174,130,185,122,172,165,121,192,138,198
198,171,142,122,135,162,186,164,172,147
159,121,185,157,140,140,145,163,191,163
175,164,164,199,169,145,134,142,180,134
135,164,190,138,177,183,167,178,150,125
145,180,175,127,146,145,194,121,140,155
174,142,135,156,149,190,196,187,199,165
198,148,149,199,129,133,162,176,192,150
191,150,158,139,188,154,183,190,187,145
130,196,170,144,190,171,142,172,151,188
172,120,147,169,175,193,150,160,194,156
154,159,183,159,197,194,145,178,182,163
149,150,152,159,120,180,127,141,147,141
199,188,143,120,190,172,197,198,165,151
177,154,131,170,176,140,172,138,143,126
125,194,140,122,196,132,126,180,157,191
193,161,157,187,163,170,198,150,129,145
197,143,133,150,124,193,159,125,191,152
141,193,168,133,131,130,138,138,165,163
149,157,192,141,121,193,178,176,128,183
157,178,151,198,132,137,198,187,157,170
160,193,129,168,193,195,186,186,167,146
180,146,151,199,143,158,130,165,195,164
171,140,162,174,139,188,139,154,177,144
186,154,124,148,129,136,187,187,141,193
142,131,189,121,175,150,176,126,177,158
193,152,156,180,141,131,145,152,178,159
136,161,196,170,190,121,193,155,191,134
121,156,172,125,132,171,172,162,183,139
126,173,180,177,140,178,181,176,163,154
199,140,151,160,153,157,128,190,189,189
174,129,181,171,171,146,180,196,175,140
183,142,121,159,155,135,153,168,129,152
156,193,130,159,192,133,178,144,169,191
133,157,131,152,139,166,149,181,172,150
158,184,151,182,161,161,197,123,170,161
125,155,176,127,170,181,146,179,165,173
146,195,121,182,130,126,185,183,196,190
122,151,123,144,182,145,190,185,174,122
142,172,181,178,128,172,141,191,198,193
179,142,140,144,176,157,154,133,135,133
175,133,146,128,183,174,173,159,122,185
120,132,125,128,144,159,178,181,158,173
199,128,164,152,146,177,164,126,142,136
141,176,120,169,128,153,165,177,156,129
147,142,192,177,139,182,160,165,120,171
135,138,140,188,175,121,192,158,142,147
157,136,158,182,167,146,150,175,173,152
179,157,147,182,198,132,134,145,140,145
157,171,149,178,189,121,191,135,127,166
138,169,172,164,146,148,153,153,165,195
156,136,195,128,152,177,137,136,197,170
165,151,151,137,162,150,130,173,175,167
149,145,139,138,184,198,134,196,144,128
141,192,170,126,132,171,138,196,136,180
180,138,189,143,124,159,188,146,190,128
153,128,188,131,175,131,161,144,193,120
179,177,167,195,198,163,129,192,161,132
132,160,177,167,182,180,172,182,132,134
178,160,146,164,153,138,167,142,198,138
143,170,164,167,143,139,172,148,157,137
150,120,135,120,198,122,143,178,129,138
183,163,187,134,174,176,151,188,173,131
148,175,157,181,134,162,135,175,164,166
130,163,125,151,192,171,142,158,188,190
152,183,133,168,149,159,167,162,120,177
146,134,146,199,185,183,194,140,169,166
152,127,152,153,193,141,144,167,136,179
150,148,146,173,192,154,163,144,162,177
130,145,152,144,156,184,183,160,148,193
186,177,132,139,152,144,137,163,170,149
193,126,149,168,152,166,137,176,152,198
150,193,185,190,136,134,175,141,190,190
181,189,144,148,151,161,120,188,195,177
158,162,148,197,167,138,125,193,145,141
182,167,132,149,129,194,133,120,171,187
141,133,174,192,137,183,142,158,129,165
185,147,192,169,167,199,177,139,156,183
187,168,141,158,136,189,155,132,173,178
193,195,129,163,130,121,136,166,196,183
143,174,197,135,154,177,180,131,160,126
176,151,194,179,196,147,150,127,185,187
173,131,120,131,179,145,177,124,128,149
168,197,192,130,168,155,167,199,192,154
161,127,134,188,149,168,165,151,137,176
147,122,186,187,192,151,132,199,169,178
130,137,132,127,132,172,199,179,198,139
140,169,199,191,195,128,148,147,131,142
133,179,172,133,195,126,191,179,184,198
189,120,183,181,190,133,136,158,172,182
182,176,145,158,135,190,177,182,191,179
122,125,198,130,144,160,142,142,196,186
151,172,125,186,138,181,185,124,128,147
183,154,123,153,138,177,134,159,123,162
196,144,175,143,151,163,153,139,195,144
181,197,174,127,169,166,121,186,133,122
182,189,146,183,137,173,187,192,122,191
190,194,184,180,156,198,151,135,153,193
145,144,126,153,195,135,197,156,131,133
134,170,189,169,195,133,130,146,146,186
139,177,166,125,172,148,175,138,195,132
138,140,167,188,120,143,125,125,130,165
129,170,191,184,174,181,182,127,198,196
135,165,189,162,169,121,174,132,174,199
122,129,180,123,195,188,177,136,172,130
149,150,173,156,123,137,141,143,135,188
157,195,140,157,157,171,125,170,143,151
166,196,149,199,153,139,191,129,195,150
148,172,155,196,183,166,171,198,186,191
168,176,159,186,143,193,176,146,124,136
152,176,186,181,154,176,143,149,165,146
171,120,122,188,129,144,188,168,189,156
134,177,187,124,130,181,170,140,188,182
184,198,127,162,120,174,190,121,151,172
196,148,160,123,166,183,189,172,132,131
174,147,193,146,132,134,140,143,163,161
162,126,197,141,191,172,182,125,157,164
171,139,167,138,121,149,166,182,132,128
196,193,155,157,133,148,160,139,136,155
160,182,130,141,147,176,159,130,170,150
191,124,168,131,182,130,178,132,140,139
163,164,161,141,181,133,145,123,142,199
198,168,148,122,197,185,185,140,162,125
159,139,158,158,173,194,150,163,135,191
160,138,198,124,163,165,156,168,159,127
125,139,122,123,180,132,153,187,129,164
147,145,121,199,163,136,141,125,142,123
158,179,122,168,191,151,126,187,198,171
172,173,149,192,122,160,144,189,198,181
184,160,143,185,122,181,157,190,192,159
152,159,159,136,175,161,191,163,182,184
177,153,190,182,129,189,166,177,185,132
152,153,140,140,182,155,194,198,130,163
198,133,174,138,192,160,166,133,137,197
183,141,193,171,136,168,186,192,137,196
130,179,186,145,150,197,189,173,158,124
191,147,135,188,132,154,151,193,157,185
156,167,173,163,199,133,149,161,163,196
189,164,186,161,186,169,130,172,140,135
192,128,178,165,184,156,152,152,120,171
161,185,195,122,158,134,162,146,131,134
139,131,174,186,188,173,135,127,129,179
167,177,177,151,195,188,165,184,148,174
189,143,132,183,170,160,141,186,175,121
168,157,121,187,171,151,130,193,152,144
135,180,188,188,167,168,164,162,156,170
126,199,169,131,155,188,131,158,165,137
187,148,196,153,151,137,146,151,180,163
161,152,173,154,174,188,139,192,167,135
198,196,182,174,182,150,152,164,183,144
163,123,142,121,199,196,132,139,157,187
130,130,187,194,127,195,174,179,149,120
143,132,155,140,193,134,179,129,148,157
143,174,154,124,144,191,122,185,140,197
192,192,196,195,188,166,137,138,183,133
152,169,168,122,176,192,180,183,182,199
192,130,180,168,140,190,148,157,190,171
164,136,199,129,181,183,132,147,199,165
180,163,184,197,126,198,122,180,197,162
182,182,178,156,151,158,168,137,143,126
158,178,165,131,122,196,157,174,167,142
196,199,136,143,134,139,191,198,132,145
124,186,120,165,186,183,176,145,149,166
182,153,181,170,182,197,154,150,162,195
181,146,148,161,140,177,121,178,122,146
195,149,156,151,181,159,197,147,134,139
165,169,136,171,187,138,187,199,128,197
126,195,181,146,153,162,146,194,181,120
165,148,168,137,139,184,165,176,137,124
168,191,143,166,148,143,191,155,160,199
139,135,178,198,140,122,140,121,165,175
190,143,153,136,182,173,158,166,159,183
151,146,135,132,190,159,163,185,128,164
188,142,140,198,178,137,188,160,185,142
144,185,130,153,173,133,165,159,129,189
134,157,170,140,194,165,149,185,184,123
191,189,146,144,122,173,171,126,187,139
158,136,179,198,132,171,142,172,153,153
123,197,144,128,181,189,182,143,152,149
158,184,163,165,137,130,173,163,170,141
159,125,187,142,175,145,173,184,193,189
186,192,128,187,154,163,173,190,124,189
130,154,159,167,181,161,171,136,172,144
192,147,153,182,183,186,183,170,199,137
137,191,165,139,126,191,197,196,133,188
159,162,145,140,165,146,155,139,165,186
153,178,144,176,125,152,136,135,185,129
178,145,161,130,193,163,162,169,146,171
195,125,167,195,197,179,177,186,125,198
188,167,120,156,139,187,130,126,168,198
172,146,140,137,138,124,179,146,164,123
124,139,131,169,125,164,188,156,187,183
183,163,162,120,199,147,143,142,134,192
133,197,136,149,177,183,134,180,154,145
138,162,199,179,190,158,196,136,120,185
124,126,170,148,145,154,159,146,154,126
164,196,127,189,123,128,155,175,199,185
173,157,164,182,152,126,157,159,166,171
157,150,183,155,131,195,195,137,177,192
127,129,140,135,187,180,121,175,137,188
162,130,174,161,121,134,162,198,135,126
177,169,145,136,168,166,195,141,169,196
127,143,147,152,166,160,160,153,144,184
177,133,157,189,175,155,153,172,180,123
137,140,162,148,134,139,152,195,123,153
120,157,186,195,126,136,129,197,172,146
149,137,137,123,124,155,187,152,153,158
150,140,138,125,175,170,181,123,166,149
143,127,135,133,175,182,154,169,156,126
124,180,185,165,193,163,145,144,134,162
163,128,150,147,173,147,193,176,149,182
133,188,189,133,179,121,124,153,144,127
185,122,134,187,192,191,178,143,160,183
179,151,170,159,136,176,151,151,152,162
130,141,184,136,166,153,199,152,127,150
180,139,178,127,121,154,158,157,181,122
128,158,197,191,135,130,147,164,142,156
127,146,182,170,153,185,132,183,135,140
127,159,174,132,148,164,132,198,165,129
155,122,131,192,150,135,122,174,140,174
171,156,195,193,168,185,134,169,172,140
150,173,126,129,168,180,150,142,142,186
134,137,174,144,122,190,130,161,159,145
162,191,120,146,127,127,188,164,173,126
125,179,198,120,155,120,175,182,157,124
188,161,167,136,179,162,178,155,134,191
184,189,185,174,138,137,137,191,134,194
121,176,180,125,138,177,172,154,198,131
184,194,156,128,148,183,137,122,171,141
133,191,190,190,120,122,185,124,165,138
181,183,174,173,133,156,183,192,140,140
187,177,161,158,179,172,155,141,169,133
125,127,125,131,181,147,153,150,151,186
138,164,142,180,121,148,125,121,190,186
170,160,143,166,131,187,132,134,157,154
121,129,125,151,134,188,185,128,155,184
176,125,168,122,198,178,140,170,132,161
153,132,167,130,120,184,150,182,199,164
130,141,137,161,143,128,156,144,149,195
158,173,174,144,148,168,163,132,169,136
139,131,149,173,185,146,135,123,149,157
181,191,169,158,128,138,172,130,156,182
173,181,183,166,134,150,135,199,192,128
181,128,151,121,166,163,142,193,166,180
182,177,126,161,146,141,126,135,130,127
151,157,175,184,181,135,189,180,195,138
138,177,155,173,181,162,196,129,183,182
199,154,152,126,177,180,156,193,137,131
179,131,134,179,192,128,161,131,159,175
195,128,147,168,141,170,152,190,156,156
194,192,172,137,165,127,194,161,140,156
159,121,163,185,178,134,144,194,139,142
189,196,121,162,130,139,129,173,152,139
161,162,193,127,158,192,135,188,143,186
152,178,131,175,150,167,143,163,145,189
127,160,162,134,151,135,153,165,146,198
190,178,163,140,179,142,145,198,125,196
149,148,176,191,168,191,127,141,136,155
199,128,146,128,121,160,184,126,162,163
149,131,190,189,195,197,146,180,120,170
174,173,181,122,138,128,171,177,160,133
126,177,123,180,137,182,131,171,122,136
160,199,170,164,128,180,178,140,150,177
191,170,169,170,153,134,139,135,156,162
129,140,153,134,127,178,150,151,195,178
199,127,191,134,168,175,139,140,127,183
154,157,172,120,173,127,121,170,178,169
189,190,142,150,189,177,188,189,180,155
194,170,139,141,141,170,125,191,187,158
149,192,188,188,126,170,128,123,166,197
146,189,167,154,144,129,159,128,126,140
132,137,133,158,143,174,170,171,147,190
156,197,156,156,193,161,163,147,161,141
176,166,170,159,184,175,170,130,168,192
151,161,154,148,180,187,193,179,158,125
131,160,158,160,138,143,134,124,163,129
190,191,155,195,137,137,163,170,151,187
154,199,139,192,199,146,160,124,189,138
170,121,158,138,136,134,189,180,149,175
146,155,145,124,124,139,148,171,180,150
135,134,167,177,172,175,170,145,131,131
134,198,186,165,138,139,178,120,196,168
131,161,171,183,156,181,162,173,146,140
185,124,183,166,171,141,133,164,124,172
121,190,139,144,194,140,194,167,191,172
172,130,170,142,192,160,140,155,134,158
181,172,165,131,123,121,162,170,182,161
160,124,197,191,146,158,143,127,191,146
189,133,170,199,188,156,162,125,174,121
125,192,182,155,178,194,132,137,181,192
148,169,166,198,159,193,162,163,155,176
163,133,165,130,182,168,164,152,194,130
133,140,136,151,157,143,168,127,143,190
169,133,191,163,132,127,134,168,185,127
176,195,190,162,134,143,131,131,165,122
148,148,173,129,175,192,161,195,158,158
142,145,149,162,182,134,168,193,169,136
162,177,192,173,170,157,126,142,160,142
174,158,195,197,193,150,146,132,147,176
125,162,163,120,132,132,121,187,185,155
198,155,195,162,195,156,158,155,185,186
139,128,183,122,129,193,189,150,145,149
199,188,166,152,188,194,166,176,158,150
182,181,172,155,168,121,146,169,176,181
167,148,194,173,150,159,135,176,149,162
131,171,139,158,129,166,180,172,141,176
129,126,177,188,136,182,123,185,150,162
120,146,125,147,148,121,167,195,185,168
123,133,158,157,199,158,196,163,131,185
173,168,191,154,123,130,143,141,154,179
177,146,122,175,162,135,178,188,192,181
125,137,192,124,183,151,149,177,194,184
183,120,128,172,146,135,186,162,126,188
149,140,150,175,191,120,189,135,188,133
173,139,168,197,193,135,192,145,152,125
153,197,149,146,144,176,123,123,177,155
189,136,178,178,146,188,192,170,157,197
130,191,135,195,172,194,197,139,130,152
130,169,145,135,163,155,181,124,188,146
183,181,169,157,182,180,172,134,170,178
164,173,152,150,188,121,191,179,165,161
133,140,192,184,146,187,193,181,197,143
155,135,129,188,138,147,154,133,180,183
135,178,127,143,172,167,145,157,134,148
170,186,196,170,195,155,150,159,173,141
146,146,155,124,149,191,135,188,136,177
124,189,191,192,194,121,181,185,145,142
164,137,174,180,177,187,125,170,165,137
199,170,179,160,162,158,192,186,149,131
136,134,124,189,163,199,182,130,155,181
162,199,132,145,136,161,176,124,126,161
151,149,148,134,186,140,184,188,126,148
155,169,135,159,161,124,147,183,177,134
152,128,186,130,140,169,165,186,138,122
124,122,128,124,146,159,183,178,195,174
161,179,134,195,137,170,137,141,184,153
124,173,129,129,148,186,171,145,123,169
164,161,174,131,197,188,156,176,180,135
126,187,194,134,180,165,175,199,162,134
189,155,147,190,132,129,165,194,165,171
128,163,177,142,167,139,130,144,166,181
132,197,150,137,162,140,163,196,190,154
182,173,132,132,194,125,126,145,170,176
194,167,169,173,166,179,161,199,185,148
139,141,176,185,188,143,197,198,189,121
125,199,133,177,121,189,177,192,189,125
121,174,143,153,155,164,139,125,129,171
198,181,176,192,139,163,166,144,179,163
161,137,123,145,152,148,187,178,169,183
122,146,149,162,164,168,173,198,177,183
131,165,145,176,158,195,137,184,125,133
186,185,170,185,167,136,140,124,174,133
155,180,143,138,166,147,139,120,172,148
164,130,195,134,142,150,176,187,173,123
148,157,148,181,144,152,170,136,164,156
139,179,153,161,139,144,148,123,178,147
197,139,145,165,181,131,178,188,124,137
146,160,153,149,199,188,148,190,179,194
195,164,144,129,163,181,131,168,121,178
146,140,120,121,168,141,131,122,175,127
139,174,155,175,174,169,181,172,195,140
120,183,165,143,154,165,165,174,157,199
161,167,131,127,171,144,137,186,155,174
188,127,160,135,147,199,162,156,178,179
144,164,160,132,120,198,172,183,180,133
149,139,152,156,173,148,160,183,155,178
134,179,187,177,177,165,173,172,168,129
189,150,129,159,165,193,170,171,147,193
175,183,169,139,198,186,154,178,182,192
167,120,144,157,132,161,124,146,128,169
138,136,183,180,178,167,151,133,179,141
193,176,149,138,167,131,180,186,167,192
125,129,138,187,151,191,197,166,171,152
168,158,173,127,145,174,197,144,192,170
144,133,176,175,190,170,127,145,140,141
182,147,124,121,187,164,183,165,157,165
124,133,194,138,164,183,159,128,122,155
180,184,171,162,127,131,135,189,170,185
186,171,187,141,135,139,180,190,188,176
192,134,191,164,176,176,172,169,185,183
138,120,157,194,157,195,159,142,189,170
184,127,150,145,189,196,156,134,176,197
136,123,124,191,166,156,166,182,129,147
136,184,192,188,193,131,139,131,122,135
197,125,175,177,123,124,180,177,178,195
197,170,132,193,199,145,125,127,135,152
147,154,135,188,145,190,132,193,193,164
196,165,164,160,139,177,148,142,125,161
163,161,170,157,174,182,192,149,195,150
125,191,185,152,142,133,147,145,168,162
136,170,151,197,192,188,177,183,157,156
171,173,162,155,120,130,175,144,163,140
184,185,137,192,165,125,172,129,193,156
185,188,138,190,199,152,134,199,150,146
132,184,120,193,140,177,151,174,177,185
196,150,167,187,183,130,188,138,160,133
165,189,136,134,143,150,147,187,122,154
171,127,132,178,140,123,193,180,153,124
156,121,183,162,198,191,156,149,160,147
138,140,121,170,157,152,143,150,193,131
121,141,134,191,169,178,175,122,154,173
162,138,144,191,183,124,138,151,198,157
120,148,133,199,125,163,189,177,131,165
189,141,167,161,164,174,150,169,173,168
162,163,126,179,182,156,153,172,170,144
120,192,139,184,198,198,154,137,171,120
188,141,153,180,131,145,183,171,167,123
145,133,143,192,136,187,168,153,190,181
144,175,151,135,126,143,172,172,127,174
171,178,128,149,172,130,128,147,142,174
138,126,120,167,162,142,165,173,128,138
170,154,142,168,122,152,165,128,159,157
131,123,185,162,161,152,132,151,165,143
183,157,181,176,148,137,158,189,131,130
199,189,182,153,199,124,151,196,127,137
166,166,153,143,141,164,193,182,175,169
185,175,184,124,193,194,177,148,183,136
170,134,155,157,163,187,167,126,179,150
173,177,122,168,152,182,191,132,134,180
157,191,177,138,191,184,137,160,159,163
132,143,163,191,190,184,181,167,172,168
135,186,162,124,166,156,192,146,128,149
123,169,167,172,164,192,187,154,171,137
142,167,123,164,141,159,122,126,153,159
184,192,147,150,159,149,195,129,147,165
195,167,183,124,134,147,151,137,188,158
172,122,122,192,150,168,166,151,136,171
196,149,188,130,129,153,123,144,178,172
132,166,193,158,151,144,179,173,159,169
122,157,172,197,180,137,124,138,188,160
164,148,126,150,190,136,193,138,144,168
160,153,152,152,137,181,159,128,195,179
157,126,152,170,165,141,130,124,176,193
121,184,150,149,186,155,138,139,178,129
157,132,130,182,126,143,175,169,192,157
125,184,176,140,159,123,178,151,180,145
198,152,179,156,183,168,142,128,169,128
129,161,174,137,158,157,151,174,181,155
188,172,165,144,187,176,158,167,173,189
140,172,182,146,144,172,169,172,157,178
126,157,166,192,179,183,154,173,184,172
189,176,181,189,139,153,131,195,199,187
123,166,138,195,188,169,122,148,166,180
151,129,128,135,187,172,179,155,122,151
165,127,185,183,191,135,157,139,188,158
126,193,161,138,195,121,122,124,123,166
193,161,182,184,127,154,185,185,123,156
138,190,148,162,126,148,164,152,122,166
121,121,194,168,154,172,184,177,126,142
158,135,148,181,130,174,138,167,135,183
138,177,131,179,164,151,140,127,179,154
171,124,159,192,149,169,150,176,175,176
177,129,162,191,147,164,188,122,192,157
168,133,122,164,147,163,150,191,158,161
138,176,120,156,172,153,162,133,182,164
135,182,134,133,175,156,165,176,149,169
126,178,144,191,140,193,156,157,195,131
180,138,184,189,180,196,169,144,155,149
137,145,121,123,185,123,140,180,139,166
144,157,176,182,150,135,141,166,196,184
185,176,120,193,151,140,163,132,136,189
127,127,120,197,179,126,186,123,169,133
161,142,154,163,126,123,137,151,191,172
170,189,170,193,188,199,149,195,193,130
181,187,171,140,163,171,180,189,186,160
191,125,122,154,178,143,137,180,190,149
121,140,152,161,188,163,167,122,133,121
140,159,144,120,164,149,120,127,186,147
176,129,199,170,144,165,195,188,128,122
127,124,157,120,123,176,167,179,131,188
120,166,197,154,147,161,161,192,173,191
158,133,194,175,181,155,189,147,122,178
137,171,185,121,192,153,156,131,134,166
181,149,199,122,188,130,124,179,185,163
175,198,185,134,179,136,146,122,128,120
190,179,124,132,180,180,161,139,192,186
169,150,120,162,160,141,164,145,124,120
180,188,137,169,191,142,140,129,161,149
178,178,178,127,169,196,192,195,120,159
126,180,126,144,191,137,187,128,138,124
129,162,120,190,139,197,160,197,145,152
184,140,175,155,160,185,152,186,150,156
161,197,157,176,167,137,168,135,193,166
142,146,184,137,127,164,174,134,125,161
125,175,185,162,189,144,139,139,145,164
154,141,195,155,195,177,133,172,196,182
136,173,164,175,181,135,137,198,132,150
127,126,184,122,155,150,184,170,182,131
149,148,199,166,165,130,195,170,158,145
145,129,189,168,143,128,192,199,163,194
121,182,141,186,199,136,143,138,164,175
126,164,199,174,183,174,149,159,169,140
197,152,157,194,147,165,150,191,173,191
188,130,199,147,126,137,146,166,167,157
168,143,155,142,190,170,146,133,159,179
195,135,182,180,155,151,124,147,124,181
169,172,172,147,187,125,144,121,140,153
166,193,125,188,190,124,123,163,150,150
161,134,174,180,134,152,162,190,153,158
163,158,135,146,198,151,184,181,178,190
182,175,126,146,161,148,192,124,146,183
143,135,181,127,159,134,175,142,132,133
134,156,165,179,175,187,127,192,125,187
191,172,173,139,133,192,176,135,133,173
160,164,175,141,164,191,125,123,140,198
161,138,133,130,165,159,193,121,181,130
144,128,190,145,158,141,120,181,190,139
137,181,182,131,190,152,135,188,167,127
163,136,173,166,169,148,158,181,134,139
193,147,166,172,150,173,179,158,172,121
162,187,167,142,122,141,185,152,141,187
142,179,163,193,156,167,174,180,136,150
178,154,148,128,171,172,195,178,164,162
135,162,163,184,148,197,193,157,158,154
171,187,164,148,128,176,150,128,127,180
162,164,122,138,161,142,188,184,196,168
187,181,121,189,168,151,195,129,153,189
175,120,197,143,149,157,149,124,131,138
164,131,121,151,151,132,126,136,152,132
168,148,124,120,128,181,180,161,122,175
124,196,150,142,170,142,145,133,132,132
142,189,195,126,163,154,190,163,162,134
160,181,189,140,197,133,122,183,138,146
173,161,172,176,189,133,141,191,176,181
172,194,135,123,160,198,199,188,133,147
163,165,195,150,187,165,199,134,146,130
153,161,166,175,178,165,125,125,143,161
149,134,176,187,121,196,176,147,187,128
184,150,190,191,166,183,131,182,190,182
126,155,131,120,199,199,198,148,179,169
173,162,141,181,171,151,174,144,188,158
123,187,123,151,165,164,169,159,128,134
128,137,135,139,123,180,192,129,124,123
154,146,121,184,167,124,176,145,179,155
147,179,169,195,199,142,160,123,138,178
181,156,164,170,187,152,121,125,161,164
184,186,171,167,195,162,166,196,164,196
179,177,167,192,123,143,154,149,144,132
148,126,194,166,198,189,186,192,120,172
176,183,129,153,130,164,134,198,160,131
143,154,122,186,189,170,130,189,155,148
157,121,189,180,197,178,176,143,154,191
139,169,177,163,148,133,189,128,191,199
121,135,161,187,199,154,193,159,135,163
162,170,149,129,179,171,120,177,158,131
175,197,199,170,172,170,142,190,196,156
135,131,142,142,170,174,199,156,160,195
186,173,165,144,177,139,161,141,177,168
139,168,179,125,184,185,181,151,193,177
138,133,138,166,130,146,165,153,145,168
188,160,151,137,175,144,191,129,187,193
170,198,161,128,130,181,143,134,121,166
199,153,127,190,177,195,193,154,144,158
151,183,168,184,189,128,162,170,157,161
169,120,123,199,173,198,189,171,120,121
180,126,121,181,149,192,183,158,164,173
122,145,192,162,184,132,189,134,145,158
157,136,185,181,179,121,125,122,171,147
170,120,148,166,177,158,145,134,146,198
186,145,161,154,138,189,182,143,127,197
197,145,179,149,174,195,198,190,129,171
126,165,196,183,187,188,171,153,142,197
126,166,182,190,139,121,163,175,183,193
155,185,140,146,174,154,120,187,142,193
161,127,194,142,157,199,171,143,181,182
138,186,132,173,173,142,178,120,145,180
163,134,137,161,158,193,160,192,143,198
164,167,123,172,140,178,139,186,158,180
127,161,159,148,140,194,190,146,127,166
159,149,123,182,148,172,132,132,146,151
127,147,132,132,182,127,158,188,160,179
156,173,129,158,129,188,149,140,172,155
178,123,123,154,128,196,140,171,192,156
124,149,120,123,190,154,154,163,167,191
199,154,188,181,195,174,193,180,198,124
184,147,179,138,163,138,185,145,137,127
153,124,192,187,157,178,172,176,168,181
134,161,188,155,130,165,181,173,189,152
164,152,123,142,122,128,166,146,161,147
174,198,153,191,172,142,153,164,199,175
150,176,185,195,192,132,175,197,175,180
166,168,184,163,195,183,180,161,142,125
162,141,155,188,137,155,152,171,147,181
199,120,140,190,165,161,129,198,168,126
163,156,198,177,159,142,184,126,182,168
196,155,192,197,162,167,184,142,149,137
193,165,120,127,135,179,152,195,172,180
155,162,163,196,189,173,165,144,145,139
195,193,191,183,174,191,120,170,146,120
180,167,137,177,128,145,166,178,191,133
130,144,173,122,141,144,175,133,154,182
137,141,121,160,166,182,176,136,193,167
142,168,144,162,199,169,163,167,137,190
185,193,149,147,128,190,136,193,127,140
191,135,140,165,169,183,160,196,183,162
139,193,147,151,163,184,143,169,128,142
122,157,186,169,170,153,136,166,184,151
157,148,192,124,167,181,150,182,180,142
188,192,180,189,148,154,183,163,190,157
124,187,143,152,162,131,141,129,130,191
121,195,135,120,146,179,134,146,149,163
195,142,172,126,188,174,144,135,126,154
163,137,144,178,129,160,176,188,136,176
164,159,125,120,187,189,129,124,156,126
159,159,197,176,197,120,160,166,125,194
159,168,152,180,126,143,165,172,192,197
182,185,199,177,163,130,147,153,189,153
154,133,155,149,184,175,143,154,170,177
167,144,160,189,170,187,151,163,132,125
164,140,176,149,133,197,181,130,127,151
146,162,187,121,136,184,121,122,138,173
126,157,177,189,140,163,159,125,193,175
195,152,170,136,126,150,182,130,199,132
178,190,141,162,128,176,120,148,149,163
159,184,162,147,121,180,139,164,188,126
194,148,142,181,186,163,138,147,173,142
144,151,198,172,177,142,137,142,158,130
146,158,191,186,171,166,192,196,179,176
184,147,191,142,183,179,163,156,156,170
158,170,137,189,121,197,191,191,176,176
162,126,147,184,165,169,159,179,194,181
142,198,197,179,139,185,164,152,124,133
186,198,128,131,135,169,154,192,170,172
185,149,137,141,188,177,160,134,188,185
150,157,129,156,156,144,161,153,129,168
193,145,123,164,133,145,194,159,156,133
140,198,123,169,190,147,156,144,144,130
127,150,154,195,180,156,175,153,120,141
173,127,133,181,131,131,168,166,189,120
161,136,181,144,133,153,199,133,127,121
197,177,148,135,146,193,140,129,190,178
130,152,182,171,190,180,148,176,139,143
147,173,196,191,171,175,189,170,188,123
122,175,194,149,198,190,160,158,135,130
155,130,157,197,193,167,187,169,139,155
180,175,171,183,150,150,139,152,190,123
184,153,174,174,134,155,171,156,149,159
152,193,140,151,183,139,122,159,171,154
136,153,186,146,193,190,142,151,128,189
146,159,170,163,128,196,147,195,153,187
190,165,173,139,130,158,124,179,128,193
142,199,124,193,125,162,169,127,130,154
167,189,144,154,192,159,180,128,157,128
123,142,195,153,132,173,128,197,157,147
125,166,124,136,138,165,169,125,139,128
150,129,132,128,134,191,147,180,123,195
138,149,191,168,167,128,170,173,169,140
156,186,181,165,120,189,170,196,192,129
137,185,179,129,159,197,140,136,145,152
120,146,178,137,133,175,179,139,153,135
142,141,134,138,162,169,198,136,196,185
134,142,188,182,134,159,129,134,165,194
181,170,145,188,179,183,178,152,156,133
155,153,128,177,196,127,191,161,160,160
198,177,144,130,156,178,192,199,124,197
146,167,150,178,138,139,131,170,177,133
159,180,199,162,154,193,152,143,148,172
146,134,186,126,123,120,163,162,160,173
124,128,161,168,167,175,178,133,189,158
139,161,181,125,194,136,130,145,194,144
183,148,180,197,154,126,165,124,130,193
183,185,160,147,147,122,135,120,197,146
127,134,161,148,126,175,143,138,184,127
128,165,178,157,162,197,165,196,146,193
146,172,179,194,179,149,178,129,153,137
163,165,166,140,194,120,188,198,122,177
194,159,191,132,169,170,134,185,163,156
146,123,169,138,166,188,188,133,172,161
145,147,126,128,138,167,187,154,124,179
191,134,127,185,174,130,146,168,120,156
170,191,140,124,193,123,184,169,177,189
155,142,152,174,187,177,184,179,179,127
194,123,161,188,134,184,120,199,163,171
184,197,175,132,122,156,180,130,175,167
197,193,174,174,133,121,129,142,185,141
128,137,162,162,191,137,173,180,148,165
184,199,184,192,167,121,135,176,137,170
133,176,141,171,179,194,170,157,155,126
153,189,126,174,164,125,196,133,124,139
173,174,194,132,193,149,140,193,179,165
194,121,184,156,170,197,150,174,185,139
124,124,188,169,139,154,154,177,123,188
161,131,151,185,163,176,153,137,155,169
153,175,130,149,123,179,131,174,154,127
190,194,187,176,197,124,180,130,164,140
134,177,180,174,191,132,177,123,149,168
174,186,180,197,128,176,172,134,144,121
183,173,196,123,153,195,123,182,195,132
131,146,144,146,138,195,142,153,126,168
193,175,134,132,124,143,190,195,140,152
190,125,143,132,143,153,141,149,154,168
191,149,148,147,150,148,125,197,156,163
163,152,194,170,189,142,185,179,149,153
184,171,182,198,179,186,169,136,156,191
165,190,183,128,145,151,127,199,122,143
122,157,143,151,155,141,120,132,139,191
126,122,167,165,171,133,181,186,126,132
149,158,185,157,156,165,133,127,180,189
185,198,164,178,187,125,140,188,169,196
138,143,185,177,122,193,123,197,189,176
165,131,150,197,176,197,190,130,181,149
123,190,123,181,121,152,164,140,158,123
143,128,136,178,199,151,192,124,144,121
147,192,143,187,134,126,141,189,137,127
123,153,190,144,181,136,147,196,133,194
131,138,174,147,149,128,172,141,191,183
162,126,170,155,148,169,128,132,123,187
183,139,129,166,130,140,167,169,149,197
151,192,161,139,177,169,170,143,194,195
147,128,196,172,136,166,185,197,183,193
191,176,142,161,167,125,178,180,180,127
135,180,152,165,154,182,180,151,175,144
192,163,194,193,146,192,122,175,179,188
144,121,121,170,146,181,171,180,174,125
126,127,187,176,194,165,172,178,152,160
128,141,159,129,153,174,156,143,191,171
134,172,185,139,195,177,147,176,130,161
188,146,139,175,153,130,143,143,145,136
183,140,197,151,193,178,152,157,189,192
187,186,152,152,146,174,189,186,138,171
127,133,126,141,199,164,141,160,121,145
172,185,158,139,152,120,154,133,144,139
194,132,192,185,121,138,154,195,122,132
141,161,134,150,192,120,178,184,188,144
154,120,180,154,156,166,130,140,190,135
156,124,140,180,159,123,185,152,136,150
137,126,162,160,155,131,196,180,137,152
135,168,181,186,160,197,130,157,190,189
189,169,196,135,155,150,166,159,162,169
187,137,182,146,192,123,135,194,152,143
151,195,131,144,199,185,155,125,125,129
144,193,179,123,168,178,179,191,183,199
178,173,130,132,145,127,156,155,123,154
194,137,143,175,121,170,197,143,199,152
191,153,138,140,167,164,146,144,157,191
167,138,185,134,191,151,141,148,187,177
170,182,183,133,185,148,139,174,186,175
129,139,166,156,147,173,149,198,181,180
142,190,121,195,132,184,182,163,190,130
155,196,178,199,126,181,154,186,129,175
145,169,153,198,124,157,123,171,175,186
175,163,130,198,138,142,165,182,185,170
192,120,184,122,178,164,138,147,150,148
127,156,185,196,142,139,129,161,139,134
188,176,130,126,146,127,163,180,182,136
148,164,128,188,128,141,168,134,173,179
184,159,189,198,188,129,170,198,127,170
191,133,173,130,147,160,147,137,175,135
125,196,139,139,189,189,198,178,198,173
184,197,136,120,144,185,147,152,159,149
172,168,187,153,132,178,168,151,156,142
